ID,Pred
2021_1101_1104,-12.971323013305664
2021_1101_1111,2.0118207931518555
2021_1101_1116,-11.201889038085938
2021_1101_1124,-16.15806770324707
2021_1101_1140,-3.5457797050476074
2021_1101_1155,-0.2356904298067093
2021_1101_1156,1.1092989444732666
2021_1101_1159,-1.7554759979248047
2021_1101_1160,-9.069538116455078
2021_1101_1163,-8.049052238464355
2021_1101_1166,-8.180675506591797
2021_1101_1179,-1.1625382900238037
2021_1101_1180,4.885612487792969
2021_1101_1186,4.701581954956055
2021_1101_1196,-2.0135607719421387
2021_1101_1199,-7.158349990844727
2021_1101_1207,-1.0978474617004395
2021_1101_1210,-5.435061931610107
2021_1101_1211,-16.527488708496094
2021_1101_1213,4.815147876739502
2021_1101_1216,1.5069210529327393
2021_1101_1222,-13.335399627685547
2021_1101_1228,-9.947328567504883
2021_1101_1233,0.6887819766998291
2021_1101_1234,-10.804027557373047
2021_1101_1242,-8.456186294555664
2021_1101_1251,3.843074321746826
2021_1101_1260,-4.4758148193359375
2021_1101_1261,-6.015608310699463
2021_1101_1268,-3.2349298000335693
2021_1101_1276,-7.241540908813477
2021_1101_1277,-0.14742210507392883
2021_1101_1281,-2.1601734161376953
2021_1101_1287,2.163228988647461
2021_1101_1291,4.018620014190674
2021_1101_1313,6.524721622467041
2021_1101_1314,-3.922050952911377
2021_1101_1317,2.160919427871704
2021_1101_1325,1.5045171976089478
2021_1101_1326,-7.652220249176025
2021_1101_1328,-2.608901262283325
2021_1101_1329,-4.551251411437988
2021_1101_1331,1.1003903150558472
2021_1101_1332,-4.215635776519775
2021_1101_1333,-0.8528796434402466
2021_1101_1345,-5.909575939178467
2021_1101_1353,-1.7085762023925781
2021_1101_1361,-8.815324783325195
2021_1101_1364,0.9588740468025208
2021_1101_1382,-2.33853816986084
2021_1101_1393,-3.11415433883667
2021_1101_1397,-4.4423298835754395
2021_1101_1400,-7.850390434265137
2021_1101_1403,-5.939071178436279
2021_1101_1411,7.663147449493408
2021_1101_1417,-2.0738487243652344
2021_1101_1422,0.9412658214569092
2021_1101_1425,-6.432018756866455
2021_1101_1429,-3.0642290115356445
2021_1101_1433,-0.5751057863235474
2021_1101_1437,-8.281745910644531
2021_1101_1438,-4.911562919616699
2021_1101_1439,-0.8450361490249634
2021_1101_1452,-6.2042622566223145
2021_1101_1455,-1.5631176233291626
2021_1101_1457,1.3425954580307007
2021_1101_1458,-5.087346076965332
2021_1104_1111,22.77833366394043
2021_1104_1116,3.5250818729400635
2021_1104_1124,-3.801663875579834
2021_1104_1140,9.356664657592773
2021_1104_1155,10.844743728637695
2021_1104_1156,20.458084106445312
2021_1104_1159,13.02740478515625
2021_1104_1160,5.95827054977417
2021_1104_1163,6.693208694458008
2021_1104_1166,4.618630886077881
2021_1104_1179,10.935531616210938
2021_1104_1180,22.216903686523438
2021_1104_1186,21.55939292907715
2021_1104_1196,10.186758995056152
2021_1104_1199,6.8849592208862305
2021_1104_1207,12.77215576171875
2021_1104_1210,7.6991167068481445
2021_1104_1211,-4.6890716552734375
2021_1104_1213,20.724241256713867
2021_1104_1216,21.47480010986328
2021_1104_1222,0.8480234742164612
2021_1104_1228,5.065752983093262
2021_1104_1233,20.52583122253418
2021_1104_1234,5.165594100952148
2021_1104_1242,6.279122352600098
2021_1104_1251,16.954633712768555
2021_1104_1260,6.608729839324951
2021_1104_1261,9.096795082092285
2021_1104_1268,9.900694847106934
2021_1104_1276,5.5968017578125
2021_1104_1277,12.809001922607422
2021_1104_1281,10.247316360473633
2021_1104_1287,17.202903747558594
2021_1104_1291,24.310606002807617
2021_1104_1313,23.567386627197266
2021_1104_1314,7.809840679168701
2021_1104_1317,13.893869400024414
2021_1104_1325,18.04205322265625
2021_1104_1326,6.372690677642822
2021_1104_1328,11.557116508483887
2021_1104_1329,8.448753356933594
2021_1104_1331,21.559459686279297
2021_1104_1332,7.976608753204346
2021_1104_1333,13.554232597351074
2021_1104_1345,7.520755290985107
2021_1104_1353,11.706761360168457
2021_1104_1361,4.964325904846191
2021_1104_1364,12.755267143249512
2021_1104_1382,8.355826377868652
2021_1104_1393,9.515776634216309
2021_1104_1397,6.567505359649658
2021_1104_1400,4.971648216247559
2021_1104_1403,6.487781047821045
2021_1104_1411,26.743322372436523
2021_1104_1417,10.595800399780273
2021_1104_1422,15.835638046264648
2021_1104_1425,5.397334098815918
2021_1104_1429,9.4423189163208
2021_1104_1433,11.00307559967041
2021_1104_1437,6.674691200256348
2021_1104_1438,7.838703632354736
2021_1104_1439,12.593218803405762
2021_1104_1452,7.037426471710205
2021_1104_1455,12.458388328552246
2021_1104_1457,13.28886890411377
2021_1104_1458,10.071651458740234
2021_1111_1116,-17.19037628173828
2021_1111_1124,-22.169462203979492
2021_1111_1140,-7.222742557525635
2021_1111_1155,-3.087373971939087
2021_1111_1156,-0.7788489460945129
2021_1111_1159,-4.47723913192749
2021_1111_1160,-11.673310279846191
2021_1111_1163,-13.462580680847168
2021_1111_1166,-12.523235321044922
2021_1111_1179,-1.1502002477645874
2021_1111_1180,2.3029634952545166
2021_1111_1186,1.7198325395584106
2021_1111_1196,-6.3463134765625
2021_1111_1199,-12.649085998535156
2021_1111_1207,-1.19850754737854
2021_1111_1210,-6.436916351318359
2021_1111_1211,-21.762659072875977
2021_1111_1213,4.979597091674805
2021_1111_1216,-0.3169391453266144
2021_1111_1222,-19.767990112304688
2021_1111_1228,-14.879664421081543
2021_1111_1233,0.016085462644696236
2021_1111_1234,-13.682291984558105
2021_1111_1242,-11.648443222045898
2021_1111_1251,2.1838219165802
2021_1111_1260,-4.246953964233398
2021_1111_1261,-6.44836950302124
2021_1111_1268,-3.5456161499023438
2021_1111_1276,-13.73041820526123
2021_1111_1277,-1.5400346517562866
2021_1111_1281,-2.327075719833374
2021_1111_1287,0.6785402894020081
2021_1111_1291,3.6419219970703125
2021_1111_1313,6.2058587074279785
2021_1111_1314,-5.018959045410156
2021_1111_1317,1.4674708843231201
2021_1111_1325,1.5762062072753906
2021_1111_1326,-12.411566734313965
2021_1111_1328,-4.2914814949035645
2021_1111_1329,-8.391798973083496
2021_1111_1331,-5.203078746795654
2021_1111_1332,-7.141812801361084
2021_1111_1333,-1.151901364326477
2021_1111_1345,-7.579292297363281
2021_1111_1353,-4.210942268371582
2021_1111_1361,-13.192152976989746
2021_1111_1364,3.0704119205474854
2021_1111_1382,-1.557904839515686
2021_1111_1393,-5.639210224151611
2021_1111_1397,-6.032999038696289
2021_1111_1400,-9.194604873657227
2021_1111_1403,-9.348101615905762
2021_1111_1411,6.392066955566406
2021_1111_1417,-2.395291328430176
2021_1111_1422,0.9206646680831909
2021_1111_1425,-11.680257797241211
2021_1111_1429,-2.2533841133117676
2021_1111_1433,-0.5971621870994568
2021_1111_1437,-11.417842864990234
2021_1111_1438,-7.431089878082275
2021_1111_1439,1.4160139560699463
2021_1111_1452,-10.259100914001465
2021_1111_1455,-1.1836644411087036
2021_1111_1457,1.0856832265853882
2021_1111_1458,-6.727332592010498
2021_1116_1124,-9.303566932678223
2021_1116_1140,5.409580230712891
2021_1116_1155,6.030276298522949
2021_1116_1156,16.284624099731445
2021_1116_1159,8.888396263122559
2021_1116_1160,0.6818727850914001
2021_1116_1163,2.085503339767456
2021_1116_1166,0.360464870929718
2021_1116_1179,6.157004356384277
2021_1116_1180,19.147491455078125
2021_1116_1186,17.591764450073242
2021_1116_1196,5.5522332191467285
2021_1116_1199,3.1342999935150146
2021_1116_1207,8.041047096252441
2021_1116_1210,2.1671900749206543
2021_1116_1211,-6.377243995666504
2021_1116_1213,16.61086082458496
2021_1116_1216,17.66994857788086
2021_1116_1222,-3.240508556365967
2021_1116_1228,-0.8195022940635681
2021_1116_1233,16.02573013305664
2021_1116_1234,0.33599966764450073
2021_1116_1242,0.6857434511184692
2021_1116_1251,15.976317405700684
2021_1116_1260,3.17812180519104
2021_1116_1261,4.841747283935547
2021_1116_1268,5.053873538970947
2021_1116_1276,2.2344939708709717
2021_1116_1277,9.465484619140625
2021_1116_1281,5.600578308105469
2021_1116_1287,12.957547187805176
2021_1116_1291,20.700227737426758
2021_1116_1313,19.493192672729492
2021_1116_1314,3.6000583171844482
2021_1116_1317,8.785420417785645
2021_1116_1325,13.705784797668457
2021_1116_1326,1.6260462999343872
2021_1116_1328,5.359034061431885
2021_1116_1329,3.737644910812378
2021_1116_1331,18.539464950561523
2021_1116_1332,3.2895822525024414
2021_1116_1333,9.757684707641602
2021_1116_1345,3.093170404434204
2021_1116_1353,6.907856464385986
2021_1116_1361,0.38061875104904175
2021_1116_1364,8.827278137207031
2021_1116_1382,4.954099655151367
2021_1116_1393,4.637945175170898
2021_1116_1397,3.39585280418396
2021_1116_1400,0.21955950558185577
2021_1116_1403,1.7443138360977173
2021_1116_1411,22.999374389648438
2021_1116_1417,5.458701133728027
2021_1116_1422,11.580693244934082
2021_1116_1425,1.3518589735031128
2021_1116_1429,4.694106101989746
2021_1116_1433,6.149811267852783
2021_1116_1437,2.425020933151245
2021_1116_1438,2.485372543334961
2021_1116_1439,7.798642158508301
2021_1116_1452,3.437058925628662
2021_1116_1455,8.280341148376465
2021_1116_1457,10.55063247680664
2021_1116_1458,5.124575138092041
2021_1124_1140,13.984602928161621
2021_1124_1155,14.393706321716309
2021_1124_1156,22.200565338134766
2021_1124_1159,16.946321487426758
2021_1124_1160,10.805301666259766
2021_1124_1163,11.064772605895996
2021_1124_1166,10.000911712646484
2021_1124_1179,13.827563285827637
2021_1124_1180,22.962160110473633
2021_1124_1186,22.060861587524414
2021_1124_1196,15.191861152648926
2021_1124_1199,13.118569374084473
2021_1124_1207,16.382627487182617
2021_1124_1210,11.645881652832031
2021_1124_1211,3.299651861190796
2021_1124_1213,22.779020309448242
2021_1124_1216,23.132369995117188
2021_1124_1222,5.440709114074707
2021_1124_1228,8.675249099731445
2021_1124_1233,22.47529411315918
2021_1124_1234,9.284980773925781
2021_1124_1242,10.029187202453613
2021_1124_1251,20.059906005859375
2021_1124_1260,12.0845365524292
2021_1124_1261,11.807517051696777
2021_1124_1268,15.310644149780273
2021_1124_1276,12.398759841918945
2021_1124_1277,16.643220901489258
2021_1124_1281,15.251754760742188
2021_1124_1287,19.15479850769043
2021_1124_1291,27.044479370117188
2021_1124_1313,27.27528953552246
2021_1124_1314,15.019746780395508
2021_1124_1317,14.744194030761719
2021_1124_1325,17.488285064697266
2021_1124_1326,10.893799781799316
2021_1124_1328,15.874277114868164
2021_1124_1329,14.405107498168945
2021_1124_1331,24.35504913330078
2021_1124_1332,11.654014587402344
2021_1124_1333,16.47178840637207
2021_1124_1345,10.794013023376465
2021_1124_1353,16.930429458618164
2021_1124_1361,10.898679733276367
2021_1124_1364,15.731042861938477
2021_1124_1382,12.718851089477539
2021_1124_1393,12.918375968933105
2021_1124_1397,11.594054222106934
2021_1124_1400,10.346245765686035
2021_1124_1403,10.591287612915039
2021_1124_1411,31.662330627441406
2021_1124_1417,14.857094764709473
2021_1124_1422,14.938274383544922
2021_1124_1425,8.826459884643555
2021_1124_1429,12.438793182373047
2021_1124_1433,15.505965232849121
2021_1124_1437,11.959258079528809
2021_1124_1438,12.102770805358887
2021_1124_1439,15.535274505615234
2021_1124_1452,13.811071395874023
2021_1124_1455,15.822881698608398
2021_1124_1457,16.893075942993164
2021_1124_1458,14.524365425109863
2021_1140_1155,1.6292533874511719
2021_1140_1156,9.937634468078613
2021_1140_1159,2.3196702003479004
2021_1140_1160,-5.0887041091918945
2021_1140_1163,-4.131412506103516
2021_1140_1166,-3.6978325843811035
2021_1140_1179,1.6039693355560303
2021_1140_1180,11.64393138885498
2021_1140_1186,10.13672161102295
2021_1140_1196,1.6562018394470215
2021_1140_1199,-2.672675609588623
2021_1140_1207,2.7544405460357666
2021_1140_1210,-3.127516269683838
2021_1140_1211,-14.253421783447266
2021_1140_1213,10.473807334899902
2021_1140_1216,11.95036792755127
2021_1140_1222,-9.172647476196289
2021_1140_1228,-6.3010759353637695
2021_1140_1233,10.154332160949707
2021_1140_1234,-5.500600814819336
2021_1140_1242,-5.4436726570129395
2021_1140_1251,10.405024528503418
2021_1140_1260,-3.2643966674804688
2021_1140_1261,-1.1734989881515503
2021_1140_1268,-0.8339771032333374
2021_1140_1276,-5.226534843444824
2021_1140_1277,3.679879903793335
2021_1140_1281,1.678748607635498
2021_1140_1287,7.466973304748535
2021_1140_1291,15.62708568572998
2021_1140_1313,13.449621200561523
2021_1140_1314,-1.2241508960723877
2021_1140_1317,4.521890640258789
2021_1140_1325,6.8099164962768555
2021_1140_1326,-3.4228134155273438
2021_1140_1328,0.15796197950839996
2021_1140_1329,-0.24043314158916473
2021_1140_1331,10.55359172821045
2021_1140_1332,-2.0567879676818848
2021_1140_1333,4.574281215667725
2021_1140_1345,-4.03763484954834
2021_1140_1353,2.239474296569824
2021_1140_1361,-5.2906646728515625
2021_1140_1364,3.6401755809783936
2021_1140_1382,-0.8557918667793274
2021_1140_1393,-0.2602628469467163
2021_1140_1397,-2.533634901046753
2021_1140_1400,-4.24506139755249
2021_1140_1403,-3.712876081466675
2021_1140_1411,16.750783920288086
2021_1140_1417,1.21448814868927
2021_1140_1422,6.534918308258057
2021_1140_1425,-4.0080647468566895
2021_1140_1429,-0.6991244554519653
2021_1140_1433,2.5244367122650146
2021_1140_1437,-2.544254779815674
2021_1140_1438,-2.2491321563720703
2021_1140_1439,2.2434322834014893
2021_1140_1452,-2.221116781234741
2021_1140_1455,3.2222371101379395
2021_1140_1457,4.691152572631836
2021_1140_1458,-1.5594120025634766
2021_1155_1156,4.864024639129639
2021_1155_1159,2.4933011531829834
2021_1155_1160,-4.18410587310791
2021_1155_1163,-4.619851112365723
2021_1155_1166,-3.585200071334839
2021_1155_1179,0.8161488175392151
2021_1155_1180,6.191603183746338
2021_1155_1186,7.34263277053833
2021_1155_1196,-0.2411697953939438
2021_1155_1199,-2.474060535430908
2021_1155_1207,0.35021471977233887
2021_1155_1210,-4.047979354858398
2021_1155_1211,-12.815653800964355
2021_1155_1213,6.96326208114624
2021_1155_1216,4.50908088684082
2021_1155_1222,-9.594542503356934
2021_1155_1228,-5.3256425857543945
2021_1155_1233,4.732186794281006
2021_1155_1234,-3.388110876083374
2021_1155_1242,-4.220768928527832
2021_1155_1251,5.273763656616211
2021_1155_1260,-3.813120126724243
2021_1155_1261,-1.89640212059021
2021_1155_1268,-1.222399353981018
2021_1155_1276,-2.6121177673339844
2021_1155_1277,2.2078070640563965
2021_1155_1281,0.28842025995254517
2021_1155_1287,4.6549577713012695
2021_1155_1291,6.861552715301514
2021_1155_1313,9.202103614807129
2021_1155_1314,-1.3906137943267822
2021_1155_1317,1.4757323265075684
2021_1155_1325,3.7961299419403076
2021_1155_1326,-2.1469662189483643
2021_1155_1328,-0.3533570170402527
2021_1155_1329,-1.8106465339660645
2021_1155_1331,4.084503650665283
2021_1155_1332,-4.131923198699951
2021_1155_1333,1.8751802444458008
2021_1155_1345,-3.1843812465667725
2021_1155_1353,-0.3454516530036926
2021_1155_1361,-4.593667984008789
2021_1155_1364,2.1802961826324463
2021_1155_1382,-2.701112985610962
2021_1155_1393,-1.8856648206710815
2021_1155_1397,-2.702521562576294
2021_1155_1400,-4.9363603591918945
2021_1155_1403,-3.4453964233398438
2021_1155_1411,11.726137161254883
2021_1155_1417,-0.24084122478961945
2021_1155_1422,3.2271528244018555
2021_1155_1425,-4.120354175567627
2021_1155_1429,-0.8683335185050964
2021_1155_1433,0.24194975197315216
2021_1155_1437,-0.6089528799057007
2021_1155_1438,-1.39524507522583
2021_1155_1439,1.1918010711669922
2021_1155_1452,-1.8019369840621948
2021_1155_1455,1.3469980955123901
2021_1155_1457,3.5443994998931885
2021_1155_1458,-3.116450309753418
2021_1156_1159,-5.67076301574707
2021_1156_1160,-12.937423706054688
2021_1156_1163,-12.118867874145508
2021_1156_1166,-12.850172996520996
2021_1156_1179,-3.999765396118164
2021_1156_1180,1.421678066253662
2021_1156_1186,1.7280447483062744
2021_1156_1196,-5.869222164154053
2021_1156_1199,-12.130885124206543
2021_1156_1207,-3.9005093574523926
2021_1156_1210,-8.867192268371582
2021_1156_1211,-22.032155990600586
2021_1156_1213,3.673435688018799
2021_1156_1216,-0.7054427862167358
2021_1156_1222,-18.19359016418457
2021_1156_1228,-15.378409385681152
2021_1156_1233,-0.026789966970682144
2021_1156_1234,-14.527779579162598
2021_1156_1242,-12.731066703796387
2021_1156_1251,1.1157768964767456
2021_1156_1260,-6.797100067138672
2021_1156_1261,-8.645771026611328
2021_1156_1268,-5.989957809448242
2021_1156_1276,-11.803455352783203
2021_1156_1277,-2.6484475135803223
2021_1156_1281,-3.894026279449463
2021_1156_1287,0.9930553436279297
2021_1156_1291,3.81062650680542
2021_1156_1313,6.129838466644287
2021_1156_1314,-8.086893081665039
2021_1156_1317,-1.3556525707244873
2021_1156_1325,-0.3374169170856476
2021_1156_1326,-12.750446319580078
2021_1156_1328,-5.676998138427734
2021_1156_1329,-8.152997016906738
2021_1156_1331,-2.7745015621185303
2021_1156_1332,-8.649521827697754
2021_1156_1333,-2.57779860496521
2021_1156_1345,-10.20214557647705
2021_1156_1353,-5.369958877563477
2021_1156_1361,-13.35424518585205
2021_1156_1364,-0.7710198163986206
2021_1156_1382,-4.827068328857422
2021_1156_1393,-7.5129170417785645
2021_1156_1397,-7.593022346496582
2021_1156_1400,-11.171317100524902
2021_1156_1403,-10.159948348999023
2021_1156_1411,6.565011978149414
2021_1156_1417,-4.682844161987305
2021_1156_1422,-0.27470096945762634
2021_1156_1425,-11.092214584350586
2021_1156_1429,-4.840826988220215
2021_1156_1433,-2.9640424251556396
2021_1156_1437,-12.375142097473145
2021_1156_1438,-7.8421173095703125
2021_1156_1439,-2.6448631286621094
2021_1156_1452,-9.770733833312988
2021_1156_1455,-3.465728282928467
2021_1156_1457,-0.3358980417251587
2021_1156_1458,-8.266398429870605
2021_1159_1160,-6.378594398498535
2021_1159_1163,-4.752176761627197
2021_1159_1166,-6.15652322769165
2021_1159_1179,-0.9348479509353638
2021_1159_1180,7.133533477783203
2021_1159_1186,6.73542594909668
2021_1159_1196,-1.184499740600586
2021_1159_1199,-3.9604332447052
2021_1159_1207,-0.32906144857406616
2021_1159_1210,-2.5690877437591553
2021_1159_1211,-13.925602912902832
2021_1159_1213,6.487264633178711
2021_1159_1216,4.655489921569824
2021_1159_1222,-10.367650032043457
2021_1159_1228,-8.795929908752441
2021_1159_1233,6.6395392417907715
2021_1159_1234,-7.4443793296813965
2021_1159_1242,-5.141534328460693
2021_1159_1251,6.105555057525635
2021_1159_1260,-2.5135910511016846
2021_1159_1261,-4.211821556091309
2021_1159_1268,-2.363474130630493
2021_1159_1276,-4.868628025054932
2021_1159_1277,2.1802561283111572
2021_1159_1281,-0.49094951152801514
2021_1159_1287,4.754587650299072
2021_1159_1291,8.620060920715332
2021_1159_1313,10.148351669311523
2021_1159_1314,-1.4377849102020264
2021_1159_1317,1.594603180885315
2021_1159_1325,3.213407278060913
2021_1159_1326,-4.990102767944336
2021_1159_1328,-0.8666071891784668
2021_1159_1329,-1.4862459897994995
2021_1159_1331,4.569891452789307
2021_1159_1332,-3.2341442108154297
2021_1159_1333,1.2021132707595825
2021_1159_1345,-3.1655542850494385
2021_1159_1353,-0.7950944304466248
2021_1159_1361,-5.341218948364258
2021_1159_1364,3.4747753143310547
2021_1159_1382,-0.4502335786819458
2021_1159_1393,-1.7135648727416992
2021_1159_1397,-2.4114632606506348
2021_1159_1400,-3.9434866905212402
2021_1159_1403,-4.98265266418457
2021_1159_1411,11.083916664123535
2021_1159_1417,-0.9122075438499451
2021_1159_1422,2.6920015811920166
2021_1159_1425,-5.404321670532227
2021_1159_1429,-0.9040408730506897
2021_1159_1433,1.0132007598876953
2021_1159_1437,-4.886147499084473
2021_1159_1438,-2.668285369873047
2021_1159_1439,1.8605315685272217
2021_1159_1452,-2.558012008666992
2021_1159_1455,1.5684901475906372
2021_1159_1457,4.915366172790527
2021_1159_1458,-3.6686108112335205
2021_1160_1163,1.6666152477264404
2021_1160_1166,2.272333860397339
2021_1160_1179,6.9872145652771
2021_1160_1180,15.66551399230957
2021_1160_1186,15.352957725524902
2021_1160_1196,6.291086673736572
2021_1160_1199,2.3389554023742676
2021_1160_1207,7.932055950164795
2021_1160_1210,2.8519420623779297
2021_1160_1211,-8.474748611450195
2021_1160_1213,15.645026206970215
2021_1160_1216,15.765766143798828
2021_1160_1222,-3.5816423892974854
2021_1160_1228,-1.3172588348388672
2021_1160_1233,14.162198066711426
2021_1160_1234,1.2590781450271606
2021_1160_1242,0.8800553679466248
2021_1160_1251,14.766714096069336
2021_1160_1260,3.5762414932250977
2021_1160_1261,4.467372894287109
2021_1160_1268,6.5190253257751465
2021_1160_1276,2.2850687503814697
2021_1160_1277,9.772913932800293
2021_1160_1281,6.206373691558838
2021_1160_1287,13.054106712341309
2021_1160_1291,20.15690040588379
2021_1160_1313,18.232921600341797
2021_1160_1314,4.310469150543213
2021_1160_1317,9.013206481933594
2021_1160_1325,11.734720230102539
2021_1160_1326,2.890301465988159
2021_1160_1328,5.589521408081055
2021_1160_1329,4.246086120605469
2021_1160_1331,15.060202598571777
2021_1160_1332,3.145616054534912
2021_1160_1333,9.86375904083252
2021_1160_1345,1.860607624053955
2021_1160_1353,8.116403579711914
2021_1160_1361,0.6272653937339783
2021_1160_1364,8.580720901489258
2021_1160_1382,4.20220947265625
2021_1160_1393,4.207642078399658
2021_1160_1397,3.1391115188598633
2021_1160_1400,0.4068676829338074
2021_1160_1403,2.532496929168701
2021_1160_1411,21.50541114807129
2021_1160_1417,5.880902290344238
2021_1160_1422,10.951095581054688
2021_1160_1425,1.2147940397262573
2021_1160_1429,4.173664093017578
2021_1160_1433,6.3026862144470215
2021_1160_1437,4.813928127288818
2021_1160_1438,4.323898792266846
2021_1160_1439,7.672312259674072
2021_1160_1452,3.731621265411377
2021_1160_1455,8.2111358642578125
2021_1160_1457,10.007207870483398
2021_1160_1458,5.698807239532471
2021_1163_1166,2.092315435409546
2021_1163_1179,6.471294403076172
2021_1163_1180,16.54010772705078
2021_1163_1186,14.255753517150879
2021_1163_1196,5.262307643890381
2021_1163_1199,2.7148914337158203
2021_1163_1207,7.095294952392578
2021_1163_1210,2.33245587348938
2021_1163_1211,-9.148154258728027
2021_1163_1213,15.473092079162598
2021_1163_1216,15.457375526428223
2021_1163_1222,-2.912294864654541
2021_1163_1228,-1.247939109802246
2021_1163_1233,13.695182800292969
2021_1163_1234,1.9613215923309326
2021_1163_1242,0.6288541555404663
2021_1163_1251,13.584894180297852
2021_1163_1260,3.406210422515869
2021_1163_1261,3.7844836711883545
2021_1163_1268,5.651179790496826
2021_1163_1276,2.583113431930542
2021_1163_1277,8.429008483886719
2021_1163_1281,6.391612529754639
2021_1163_1287,13.621034622192383
2021_1163_1291,18.523738861083984
2021_1163_1313,19.0100154876709
2021_1163_1314,2.491366147994995
2021_1163_1317,8.77185344696045
2021_1163_1325,11.512130737304688
2021_1163_1326,3.1923484802246094
2021_1163_1328,5.274717807769775
2021_1163_1329,3.4638328552246094
2021_1163_1331,13.815475463867188
2021_1163_1332,2.7479913234710693
2021_1163_1333,9.140491485595703
2021_1163_1345,2.2884867191314697
2021_1163_1353,6.498169898986816
2021_1163_1361,1.3452725410461426
2021_1163_1364,9.256134033203125
2021_1163_1382,4.274526596069336
2021_1163_1393,3.805391311645508
2021_1163_1397,2.755237340927124
2021_1163_1400,0.14829005300998688
2021_1163_1403,1.886597990989685
2021_1163_1411,20.465290069580078
2021_1163_1417,5.743316173553467
2021_1163_1422,11.2374267578125
2021_1163_1425,1.4285478591918945
2021_1163_1429,4.740768909454346
2021_1163_1433,6.773682117462158
2021_1163_1437,5.368894100189209
2021_1163_1438,4.537477016448975
2021_1163_1439,7.622386932373047
2021_1163_1452,2.9129974842071533
2021_1163_1455,8.073001861572266
2021_1163_1457,10.606145858764648
2021_1163_1458,4.762767314910889
2021_1166_1179,4.668375492095947
2021_1166_1180,13.230097770690918
2021_1166_1186,11.26419448852539
2021_1166_1196,3.201073169708252
2021_1166_1199,0.9451587200164795
2021_1166_1207,5.0901780128479
2021_1166_1210,0.4653357267379761
2021_1166_1211,-9.59001350402832
2021_1166_1213,12.668013572692871
2021_1166_1216,12.694302558898926
2021_1166_1222,-5.973878383636475
2021_1166_1228,-2.8303799629211426
2021_1166_1233,10.994544982910156
2021_1166_1234,-0.7331839203834534
2021_1166_1242,-1.6993160247802734
2021_1166_1251,12.892828941345215
2021_1166_1260,1.4282760620117188
2021_1166_1261,1.6473489999771118
2021_1166_1268,2.4852025508880615
2021_1166_1276,-0.13157382607460022
2021_1166_1277,6.628047466278076
2021_1166_1281,4.087040424346924
2021_1166_1287,9.284466743469238
2021_1166_1291,16.389545440673828
2021_1166_1313,15.931133270263672
2021_1166_1314,1.574857234954834
2021_1166_1317,6.822978496551514
2021_1166_1325,9.5556488037109375
2021_1166_1326,-0.352402925491333
2021_1166_1328,2.8913588523864746
2021_1166_1329,0.7938646078109741
2021_1166_1331,12.216007232666016
2021_1166_1332,0.07141979783773422
2021_1166_1333,6.7157368659973145
2021_1166_1345,-0.3046361804008484
2021_1166_1353,4.556699275970459
2021_1166_1361,-1.8336700201034546
2021_1166_1364,6.4334259033203125
2021_1166_1382,2.605452299118042
2021_1166_1393,1.796147108078003
2021_1166_1397,0.8236578106880188
2021_1166_1400,-2.124067544937134
2021_1166_1403,-0.9139363765716553
2021_1166_1411,19.180992126464844
2021_1166_1417,3.9265239238739014
2021_1166_1422,8.861808776855469
2021_1166_1425,-1.07748544216156
2021_1166_1429,2.7512049674987793
2021_1166_1433,4.22255277633667
2021_1166_1437,2.1526269912719727
2021_1166_1438,1.1814926862716675
2021_1166_1439,5.267606735229492
2021_1166_1452,0.669001579284668
2021_1166_1455,5.9472784996032715
2021_1166_1457,7.92464017868042
2021_1166_1458,2.0120418071746826
2021_1179_1180,6.774508476257324
2021_1179_1186,6.039742469787598
2021_1179_1196,1.0651403665542603
2021_1179_1199,-2.3185455799102783
2021_1179_1207,0.6514294743537903
2021_1179_1210,-2.968707799911499
2021_1179_1211,-10.506928443908691
2021_1179_1213,7.345094203948975
2021_1179_1216,6.267936706542969
2021_1179_1222,-8.361580848693848
2021_1179_1228,-5.038377285003662
2021_1179_1233,5.258553981781006
2021_1179_1234,-3.502589464187622
2021_1179_1242,-3.4248785972595215
2021_1179_1251,4.988877773284912
2021_1179_1260,-1.2675307989120483
2021_1179_1261,-1.7338885068893433
2021_1179_1268,0.5170968770980835
2021_1179_1276,-1.9796026945114136
2021_1179_1277,2.0805389881134033
2021_1179_1281,0.8811274766921997
2021_1179_1287,6.078947067260742
2021_1179_1291,8.877903938293457
2021_1179_1313,10.453237533569336
2021_1179_1314,-0.5909044742584229
2021_1179_1317,4.244516372680664
2021_1179_1325,3.652289628982544
2021_1179_1326,-0.9368859529495239
2021_1179_1328,0.2625870108604431
2021_1179_1329,-1.5528616905212402
2021_1179_1331,2.628786325454712
2021_1179_1332,-1.7900428771972656
2021_1179_1333,1.3128900527954102
2021_1179_1345,-2.9742043018341064
2021_1179_1353,1.9808728694915771
2021_1179_1361,-3.48256778717041
2021_1179_1364,3.354518175125122
2021_1179_1382,0.3674948215484619
2021_1179_1393,-1.6394652128219604
2021_1179_1397,-1.6753610372543335
2021_1179_1400,-3.4733619689941406
2021_1179_1403,-3.3486790657043457
2021_1179_1411,12.74228572845459
2021_1179_1417,1.0128434896469116
2021_1179_1422,3.508985996246338
2021_1179_1425,-1.4855259656906128
2021_1179_1429,-0.35908931493759155
2021_1179_1433,2.4933905601501465
2021_1179_1437,-2.0253288745880127
2021_1179_1438,-0.11143871396780014
2021_1179_1439,2.2370669841766357
2021_1179_1452,-1.6663644313812256
2021_1179_1455,1.713978886604309
2021_1179_1457,3.620744466781616
2021_1179_1458,-0.6181575655937195
2021_1180_1186,0.6890132427215576
2021_1180_1196,-7.014398574829102
2021_1180_1199,-13.856986999511719
2021_1180_1207,-5.608792304992676
2021_1180_1210,-10.361719131469727
2021_1180_1211,-25.34677505493164
2021_1180_1213,1.7627801895141602
2021_1180_1216,-1.0889456272125244
2021_1180_1222,-21.3940486907959
2021_1180_1228,-18.431150436401367
2021_1180_1233,-2.063397169113159
2021_1180_1234,-17.359067916870117
2021_1180_1242,-14.25485610961914
2021_1180_1251,2.283511161804199
2021_1180_1260,-8.260974884033203
2021_1180_1261,-9.964197158813477
2021_1180_1268,-6.820085525512695
2021_1180_1276,-14.126585006713867
2021_1180_1277,-3.617016553878784
2021_1180_1281,-5.664957046508789
2021_1180_1287,-1.0528687238693237
2021_1180_1291,2.173738479614258
2021_1180_1313,3.0200395584106445
2021_1180_1314,-9.85426139831543
2021_1180_1317,-2.7642581462860107
2021_1180_1325,-2.1528048515319824
2021_1180_1326,-14.470683097839355
2021_1180_1328,-7.402851581573486
2021_1180_1329,-9.624123573303223
2021_1180_1331,-2.787942409515381
2021_1180_1332,-10.186647415161133
2021_1180_1333,-3.8966588973999023
2021_1180_1345,-11.876349449157715
2021_1180_1353,-6.056854248046875
2021_1180_1361,-15.256178855895996
2021_1180_1364,-2.1242451667785645
2021_1180_1382,-6.557440280914307
2021_1180_1393,-7.5630717277526855
2021_1180_1397,-9.168327331542969
2021_1180_1400,-12.801979064941406
2021_1180_1403,-11.25292682647705
2021_1180_1411,5.462340831756592
2021_1180_1417,-5.757527828216553
2021_1180_1422,-2.5088560581207275
2021_1180_1425,-13.026734352111816
2021_1180_1429,-6.764425754547119
2021_1180_1433,-4.72184419631958
2021_1180_1437,-12.875470161437988
2021_1180_1438,-8.495280265808105
2021_1180_1439,-3.823286294937134
2021_1180_1452,-12.5308837890625
2021_1180_1455,-4.7880144119262695
2021_1180_1457,-1.2540035247802734
2021_1180_1458,-9.196443557739258
2021_1186_1196,-7.466444492340088
2021_1186_1199,-11.71445369720459
2021_1186_1207,-5.652810573577881
2021_1186_1210,-10.273900985717773
2021_1186_1211,-20.406850814819336
2021_1186_1213,2.0014383792877197
2021_1186_1216,-2.9913182258605957
2021_1186_1222,-16.980369567871094
2021_1186_1228,-13.772974014282227
2021_1186_1233,-1.2165871858596802
2021_1186_1234,-13.32997989654541
2021_1186_1242,-12.467669486999512
2021_1186_1251,1.1720311641693115
2021_1186_1260,-7.959008693695068
2021_1186_1261,-9.314436912536621
2021_1186_1268,-8.214839935302734
2021_1186_1276,-10.756145477294922
2021_1186_1277,-4.010974407196045
2021_1186_1281,-5.615604400634766
2021_1186_1287,-0.24114646017551422
2021_1186_1291,2.6297216415405273
2021_1186_1313,3.7589197158813477
2021_1186_1314,-8.841723442077637
2021_1186_1317,-1.6201303005218506
2021_1186_1325,-1.6839790344238281
2021_1186_1326,-11.957578659057617
2021_1186_1328,-8.11886215209961
2021_1186_1329,-8.795971870422363
2021_1186_1331,-3.435750722885132
2021_1186_1332,-9.767549514770508
2021_1186_1333,-3.3755791187286377
2021_1186_1345,-10.494746208190918
2021_1186_1353,-6.649112224578857
2021_1186_1361,-13.009641647338867
2021_1186_1364,-1.1481305360794067
2021_1186_1382,-6.264430522918701
2021_1186_1393,-7.9130988121032715
2021_1186_1397,-8.456506729125977
2021_1186_1400,-11.521829605102539
2021_1186_1403,-10.581737518310547
2021_1186_1411,5.65213680267334
2021_1186_1417,-6.178370475769043
2021_1186_1422,-1.6522756814956665
2021_1186_1425,-10.718796730041504
2021_1186_1429,-6.256234169006348
2021_1186_1433,-4.604844570159912
2021_1186_1437,-11.036404609680176
2021_1186_1438,-8.149819374084473
2021_1186_1439,-4.241078853607178
2021_1186_1452,-11.319904327392578
2021_1186_1455,-4.502394676208496
2021_1186_1457,-1.1998891830444336
2021_1186_1458,-9.187158584594727
2021_1196_1199,-0.9059979915618896
2021_1196_1207,2.1731014251708984
2021_1196_1210,-1.852724552154541
2021_1196_1211,-12.725349426269531
2021_1196_1213,9.156981468200684
2021_1196_1216,8.622075080871582
2021_1196_1222,-8.711565971374512
2021_1196_1228,-4.469677925109863
2021_1196_1233,7.582815647125244
2021_1196_1234,-1.518889307975769
2021_1196_1242,-2.9790995121002197
2021_1196_1251,9.332056999206543
2021_1196_1260,-1.1517239809036255
2021_1196_1261,-0.11584401875734329
2021_1196_1268,-0.18014344573020935
2021_1196_1276,-2.523954391479492
2021_1196_1277,3.912907361984253
2021_1196_1281,1.6086082458496094
2021_1196_1287,7.117209434509277
2021_1196_1291,8.798900604248047
2021_1196_1313,11.840197563171387
2021_1196_1314,-0.1074460819363594
2021_1196_1317,5.397925853729248
2021_1196_1325,7.380781173706055
2021_1196_1326,-1.5292751789093018
2021_1196_1328,0.5243822932243347
2021_1196_1329,-0.7948449850082397
2021_1196_1331,7.704889297485352
2021_1196_1332,-0.40278738737106323
2021_1196_1333,4.036106109619141
2021_1196_1345,-2.0831432342529297
2021_1196_1353,1.5184319019317627
2021_1196_1361,-2.9730944633483887
2021_1196_1364,4.647181510925293
2021_1196_1382,0.011405184864997864
2021_1196_1393,-0.08671745657920837
2021_1196_1397,-1.6716721057891846
2021_1196_1400,-3.637871742248535
2021_1196_1403,-2.237994432449341
2021_1196_1411,12.760345458984375
2021_1196_1417,1.6035839319229126
2021_1196_1422,7.586178779602051
2021_1196_1425,-2.4936327934265137
2021_1196_1429,0.67500239610672
2021_1196_1433,2.6241543292999268
2021_1196_1437,0.2995107173919678
2021_1196_1438,0.41263478994369507
2021_1196_1439,2.924098014831543
2021_1196_1452,-1.2646836042404175
2021_1196_1455,3.4111087322235107
2021_1196_1457,4.965909004211426
2021_1196_1458,-1.2507569789886475
2021_1199_1207,5.058595657348633
2021_1199_1210,0.5920567512512207
2021_1199_1211,-10.550300598144531
2021_1199_1213,12.61320972442627
2021_1199_1216,12.267081260681152
2021_1199_1222,-5.759746074676514
2021_1199_1228,-2.123814821243286
2021_1199_1233,11.52170181274414
2021_1199_1234,-1.0819447040557861
2021_1199_1242,-1.5753117799758911
2021_1199_1251,12.505105018615723
2021_1199_1260,0.08616524934768677
2021_1199_1261,1.960850477218628
2021_1199_1268,2.220106601715088
2021_1199_1276,-0.7177681922912598
2021_1199_1277,6.524224281311035
2021_1199_1281,4.143770217895508
2021_1199_1287,9.528709411621094
2021_1199_1291,14.664937973022461
2021_1199_1313,14.116523742675781
2021_1199_1314,1.4250030517578125
2021_1199_1317,6.46579647064209
2021_1199_1325,9.81290054321289
2021_1199_1326,-0.62767791748046875
2021_1199_1328,3.0060431957244873
2021_1199_1329,1.085874080657959
2021_1199_1331,13.507084846496582
2021_1199_1332,-0.06160084158182144
2021_1199_1333,6.537651062011719
2021_1199_1345,-0.17641519010066986
2021_1199_1353,4.220345497131348
2021_1199_1361,-1.8877629041671753
2021_1199_1364,7.126241207122803
2021_1199_1382,2.124995708465576
2021_1199_1393,2.7543442249298096
2021_1199_1397,0.8870960474014282
2021_1199_1400,-2.20920991897583
2021_1199_1403,-0.9580228924751282
2021_1199_1411,16.730985641479492
2021_1199_1417,3.248642683029175
2021_1199_1422,9.508031845092773
2021_1199_1425,-1.0472843647003174
2021_1199_1429,3.1180951595306396
2021_1199_1433,4.769645690917969
2021_1199_1437,1.907663106918335
2021_1199_1438,0.14632146060466766
2021_1199_1439,4.94293212890625
2021_1199_1452,0.530296266078949
2021_1199_1455,5.697991847991943
2021_1199_1457,7.831547737121582
2021_1199_1458,1.967146396636963
2021_1207_1210,-4.287179470062256
2021_1207_1211,-14.252593040466309
2021_1207_1213,8.214055061340332
2021_1207_1216,3.3284263610839844
2021_1207_1222,-10.533447265625
2021_1207_1228,-6.519050121307373
2021_1207_1233,6.9431633949279785
2021_1207_1234,-4.379116535186768
2021_1207_1242,-3.3554303646087646
2021_1207_1251,5.602569580078125
2021_1207_1260,-3.064580202102661
2021_1207_1261,-2.0327961444854736
2021_1207_1268,-1.4312430620193481
2021_1207_1276,-4.738905906677246
2021_1207_1277,2.783174514770508
2021_1207_1281,0.10235875099897385
2021_1207_1287,6.079605579376221
2021_1207_1291,7.726095676422119
2021_1207_1313,10.017546653747559
2021_1207_1314,-0.5637736320495605
2021_1207_1317,2.838592767715454
2021_1207_1325,4.911725997924805
2021_1207_1326,-2.3704171180725098
2021_1207_1328,-1.0212593078613281
2021_1207_1329,-1.8260409832000732
2021_1207_1331,4.445721626281738
2021_1207_1332,-3.5466630458831787
2021_1207_1333,2.041306972503662
2021_1207_1345,-1.85029935836792
2021_1207_1353,-0.8120044469833374
2021_1207_1361,-4.139461040496826
2021_1207_1364,3.911174774169922
2021_1207_1382,-1.0286445617675781
2021_1207_1393,-1.599953293800354
2021_1207_1397,-1.2039867639541626
2021_1207_1400,-3.459928512573242
2021_1207_1403,-2.8121683597564697
2021_1207_1411,12.0354642868042
2021_1207_1417,0.0631861463189125
2021_1207_1422,4.230072498321533
2021_1207_1425,-1.5068516731262207
2021_1207_1429,0.10744285583496094
2021_1207_1433,1.2912849187850952
2021_1207_1437,-1.7005653381347656
2021_1207_1438,-1.3417295217514038
2021_1207_1439,2.068150520324707
2021_1207_1452,-1.9290897846221924
2021_1207_1455,1.9968448877334595
2021_1207_1457,4.878036022186279
2021_1207_1458,-2.7859911918640137
2021_1210_1211,-12.05436897277832
2021_1210_1213,12.489948272705078
2021_1210_1216,10.41288948059082
2021_1210_1222,-6.129721164703369
2021_1210_1228,-3.616780996322632
2021_1210_1233,10.257177352905273
2021_1210_1234,-2.419923782348633
2021_1210_1242,-0.7319672703742981
2021_1210_1251,11.500053405761719
2021_1210_1260,0.8664631843566895
2021_1210_1261,2.2814722061157227
2021_1210_1268,2.872654676437378
2021_1210_1276,0.6628221869468689
2021_1210_1277,6.9056854248046875
2021_1210_1281,4.781961441040039
2021_1210_1287,10.06730842590332
2021_1210_1291,13.57054615020752
2021_1210_1313,14.062492370605469
2021_1210_1314,3.2175509929656982
2021_1210_1317,7.522553443908691
2021_1210_1325,9.903839111328125
2021_1210_1326,0.48267585039138794
2021_1210_1328,3.21293044090271
2021_1210_1329,2.426218271255493
2021_1210_1331,9.901888847351074
2021_1210_1332,0.49278634786605835
2021_1210_1333,6.275475025177002
2021_1210_1345,-0.12408871203660965
2021_1210_1353,4.525681018829346
2021_1210_1361,-0.9522848129272461
2021_1210_1364,7.189357280731201
2021_1210_1382,2.700268507003784
2021_1210_1393,3.133574962615967
2021_1210_1397,1.6297744512557983
2021_1210_1400,-1.2486270666122437
2021_1210_1403,0.17643313109874725
2021_1210_1411,16.995328903198242
2021_1210_1417,4.179056167602539
2021_1210_1422,9.139617919921875
2021_1210_1425,-0.2060268521308899
2021_1210_1429,3.194028377532959
2021_1210_1433,5.771231651306152
2021_1210_1437,1.8421094417572021
2021_1210_1438,1.4860036373138428
2021_1210_1439,5.132105350494385
2021_1210_1452,1.2174882888793945
2021_1210_1455,5.879424571990967
2021_1210_1457,8.601966857910156
2021_1210_1458,0.9696399569511414
2021_1211_1213,21.81301498413086
2021_1211_1216,22.872791290283203
2021_1211_1222,4.382996082305908
2021_1211_1228,6.7242021560668945
2021_1211_1233,21.930402755737305
2021_1211_1234,7.445026397705078
2021_1211_1242,9.304512977600098
2021_1211_1251,19.54732894897461
2021_1211_1260,11.404468536376953
2021_1211_1261,10.458837509155273
2021_1211_1268,13.042800903320312
2021_1211_1276,10.433632850646973
2021_1211_1277,15.495677947998047
2021_1211_1281,12.553369522094727
2021_1211_1287,20.148635864257812
2021_1211_1291,26.917953491210938
2021_1211_1313,27.01658821105957
2021_1211_1314,14.689250946044922
2021_1211_1317,15.090444564819336
2021_1211_1325,17.93379783630371
2021_1211_1326,9.321480751037598
2021_1211_1328,13.813880920410156
2021_1211_1329,14.522915840148926
2021_1211_1331,23.024696350097656
2021_1211_1332,11.769732475280762
2021_1211_1333,16.909177780151367
2021_1211_1345,10.391728401184082
2021_1211_1353,14.412033081054688
2021_1211_1361,9.105207443237305
2021_1211_1364,15.182939529418945
2021_1211_1382,12.749454498291016
2021_1211_1393,13.534475326538086
2021_1211_1397,11.181913375854492
2021_1211_1400,10.770325660705566
2021_1211_1403,10.889968872070312
2021_1211_1411,31.515371322631836
2021_1211_1417,13.504819869995117
2021_1211_1422,15.356893539428711
2021_1211_1425,8.686637878417969
2021_1211_1429,11.702290534973145
2021_1211_1433,14.583525657653809
2021_1211_1437,9.298315048217773
2021_1211_1438,11.544300079345703
2021_1211_1439,13.429062843322754
2021_1211_1452,13.452095985412598
2021_1211_1455,15.16518783569336
2021_1211_1457,16.16541290283203
2021_1211_1458,12.703889846801758
2021_1213_1216,-5.258268356323242
2021_1213_1222,-18.785259246826172
2021_1213_1228,-14.484553337097168
2021_1213_1233,-3.1390442848205566
2021_1213_1234,-15.005492210388184
2021_1213_1242,-13.5103759765625
2021_1213_1251,-1.820359230041504
2021_1213_1260,-8.807873725891113
2021_1213_1261,-10.827876091003418
2021_1213_1268,-9.748797416687012
2021_1213_1276,-12.568305969238281
2021_1213_1277,-5.7826433181762695
2021_1213_1281,-7.907337188720703
2021_1213_1287,-2.379457950592041
2021_1213_1291,1.0936893224716187
2021_1213_1313,0.991752564907074
2021_1213_1314,-9.870443344116211
2021_1213_1317,-4.840180397033691
2021_1213_1325,-4.423033237457275
2021_1213_1326,-13.24246883392334
2021_1213_1328,-8.505220413208008
2021_1213_1329,-9.539128303527832
2021_1213_1331,-6.9090657234191895
2021_1213_1332,-11.245624542236328
2021_1213_1333,-7.407897472381592
2021_1213_1345,-11.721511840820312
2021_1213_1353,-6.77315616607666
2021_1213_1361,-14.561540603637695
2021_1213_1364,-3.5232529640197754
2021_1213_1382,-6.454681396484375
2021_1213_1393,-9.546899795532227
2021_1213_1397,-8.837891578674316
2021_1213_1400,-12.828733444213867
2021_1213_1403,-11.774995803833008
2021_1213_1411,2.8899383544921875
2021_1213_1417,-8.753679275512695
2021_1213_1422,-4.677647113800049
2021_1213_1425,-12.208794593811035
2021_1213_1429,-7.5303192138671875
2021_1213_1433,-6.539687156677246
2021_1213_1437,-12.151565551757812
2021_1213_1438,-9.64376449584961
2021_1213_1439,-5.392154693603516
2021_1213_1452,-12.122401237487793
2021_1213_1455,-7.285313129425049
2021_1213_1457,-3.5580732822418213
2021_1213_1458,-10.88652229309082
2021_1216_1222,-16.73493003845215
2021_1216_1228,-13.511001586914062
2021_1216_1233,1.1044137477874756
2021_1216_1234,-12.406229972839355
2021_1216_1242,-10.441082954406738
2021_1216_1251,2.978898048400879
2021_1216_1260,-5.083467483520508
2021_1216_1261,-6.3174285888671875
2021_1216_1268,-2.9669551849365234
2021_1216_1276,-10.98586654663086
2021_1216_1277,-0.770200252532959
2021_1216_1281,-1.6801029443740845
2021_1216_1287,2.4713258743286133
2021_1216_1291,5.625543594360352
2021_1216_1313,6.379705429077148
2021_1216_1314,-4.920801162719727
2021_1216_1317,0.9319074749946594
2021_1216_1325,1.5857213735580444
2021_1216_1326,-10.8606538772583
2021_1216_1328,-3.6738555431365967
2021_1216_1329,-5.683290004730225
2021_1216_1331,-2.74985408782959
2021_1216_1332,-7.151699542999268
2021_1216_1333,-1.426964521408081
2021_1216_1345,-8.183462142944336
2021_1216_1353,-3.857250690460205
2021_1216_1361,-12.217700958251953
2021_1216_1364,1.6792304515838623
2021_1216_1382,-2.902411937713623
2021_1216_1393,-5.2603325843811035
2021_1216_1397,-5.396108150482178
2021_1216_1400,-8.519784927368164
2021_1216_1403,-7.767688751220703
2021_1216_1411,8.587384223937988
2021_1216_1417,-1.93466055393219
2021_1216_1422,0.9400689601898193
2021_1216_1425,-9.324736595153809
2021_1216_1429,-2.3948118686676025
2021_1216_1433,-1.0209201574325562
2021_1216_1437,-10.107131958007812
2021_1216_1438,-5.421658992767334
2021_1216_1439,-0.4485148787498474
2021_1216_1452,-7.8139567375183105
2021_1216_1455,-0.8588541746139526
2021_1216_1457,1.7289173603057861
2021_1216_1458,-7.18570613861084
2021_1222_1228,5.504916191101074
2021_1222_1233,19.661865234375
2021_1222_1234,6.384653568267822
2021_1222_1242,5.41025972366333
2021_1222_1251,19.836841583251953
2021_1222_1260,10.57982063293457
2021_1222_1261,7.366600036621094
2021_1222_1268,12.256494522094727
2021_1222_1276,8.102985382080078
2021_1222_1277,15.007569313049316
2021_1222_1281,11.81027603149414
2021_1222_1287,18.061664581298828
2021_1222_1291,24.53890037536621
2021_1222_1313,25.172412872314453
2021_1222_1314,11.00352954864502
2021_1222_1317,13.757723808288574
2021_1222_1325,19.18030548095703
2021_1222_1326,6.986346244812012
2021_1222_1328,11.03985595703125
2021_1222_1329,9.320871353149414
2021_1222_1331,21.992107391357422
2021_1222_1332,9.036434173583984
2021_1222_1333,14.451410293579102
2021_1222_1345,8.184455871582031
2021_1222_1353,12.84382152557373
2021_1222_1361,6.7959442138671875
2021_1222_1364,14.83055591583252
2021_1222_1382,11.02291202545166
2021_1222_1393,10.981054306030273
2021_1222_1397,9.463345527648926
2021_1222_1400,5.3820343017578125
2021_1222_1403,8.743192672729492
2021_1222_1411,27.13275718688965
2021_1222_1417,11.23692798614502
2021_1222_1422,14.718607902526855
2021_1222_1425,5.719853401184082
2021_1222_1429,9.859729766845703
2021_1222_1433,12.079239845275879
2021_1222_1437,10.805968284606934
2021_1222_1438,9.257889747619629
2021_1222_1439,13.110726356506348
2021_1222_1452,8.387288093566895
2021_1222_1455,13.604920387268066
2021_1222_1457,14.194143295288086
2021_1222_1458,11.812053680419922
2021_1228_1233,15.611257553100586
2021_1228_1234,0.3903275728225708
2021_1228_1242,0.4788588881492615
2021_1228_1251,13.280466079711914
2021_1228_1260,3.657418727874756
2021_1228_1261,5.111054420471191
2021_1228_1268,5.0937819480896
2021_1228_1276,1.6238024234771729
2021_1228_1277,9.426243782043457
2021_1228_1281,5.648791313171387
2021_1228_1287,13.659638404846191
2021_1228_1291,21.055328369140625
2021_1228_1313,20.300872802734375
2021_1228_1314,4.314678192138672
2021_1228_1317,8.072896957397461
2021_1228_1325,11.712115287780762
2021_1228_1326,1.8363105058670044
2021_1228_1328,6.949113845825195
2021_1228_1329,5.879157543182373
2021_1228_1331,16.397071838378906
2021_1228_1332,4.296881675720215
2021_1228_1333,9.44381332397461
2021_1228_1345,3.6153664588928223
2021_1228_1353,7.896153926849365
2021_1228_1361,0.8532771468162537
2021_1228_1364,8.279634475708008
2021_1228_1382,5.424140930175781
2021_1228_1393,5.612792015075684
2021_1228_1397,3.2477147579193115
2021_1228_1400,1.8072645664215088
2021_1228_1403,2.75191593170166
2021_1228_1411,24.50240707397461
2021_1228_1417,6.983343124389648
2021_1228_1422,10.025918006896973
2021_1228_1425,0.9212692379951477
2021_1228_1429,4.117093563079834
2021_1228_1433,7.53057336807251
2021_1228_1437,2.508726119995117
2021_1228_1438,4.069875240325928
2021_1228_1439,8.433967590332031
2021_1228_1452,4.937530040740967
2021_1228_1455,8.933919906616211
2021_1228_1457,9.890498161315918
2021_1228_1458,5.712114334106445
2021_1233_1234,-14.056648254394531
2021_1233_1242,-12.614337921142578
2021_1233_1251,0.318435400724411
2021_1233_1260,-6.647036552429199
2021_1233_1261,-7.603952884674072
2021_1233_1268,-5.704143524169922
2021_1233_1276,-11.850199699401855
2021_1233_1277,-2.295213222503662
2021_1233_1281,-4.016504287719727
2021_1233_1287,0.5818917751312256
2021_1233_1291,1.7846511602401733
2021_1233_1313,4.158608436584473
2021_1233_1314,-7.32979679107666
2021_1233_1317,-1.2327557802200317
2021_1233_1325,-0.5101531147956848
2021_1233_1326,-12.292360305786133
2021_1233_1328,-5.1407999992370605
2021_1233_1329,-7.91377067565918
2021_1233_1331,-4.356234073638916
2021_1233_1332,-8.45497989654541
2021_1233_1333,-2.39127779006958
2021_1233_1345,-9.5810089111328125
2021_1233_1353,-5.379660129547119
2021_1233_1361,-13.772359848022461
2021_1233_1364,-1.3799407482147217
2021_1233_1382,-4.570051193237305
2021_1233_1393,-6.700144290924072
2021_1233_1397,-7.425271987915039
2021_1233_1400,-11.000062942504883
2021_1233_1403,-9.66312313079834
2021_1233_1411,4.707740306854248
2021_1233_1417,-4.496323585510254
2021_1233_1422,-1.3655145168304443
2021_1233_1425,-11.443910598754883
2021_1233_1429,-4.7563934326171875
2021_1233_1433,-3.3915090560913086
2021_1233_1437,-12.3762788772583
2021_1233_1438,-7.21768856048584
2021_1233_1439,-2.6521503925323486
2021_1233_1452,-10.0355224609375
2021_1233_1455,-3.287290334701538
2021_1233_1457,-1.6141124963760376
2021_1233_1458,-9.027399063110352
2021_1234_1242,-0.24735404551029205
2021_1234_1251,14.631464004516602
2021_1234_1260,2.681488037109375
2021_1234_1261,2.5954389572143555
2021_1234_1268,4.1763410568237305
2021_1234_1276,1.106524109840393
2021_1234_1277,9.18762493133545
2021_1234_1281,4.962614059448242
2021_1234_1287,14.307629585266113
2021_1234_1291,20.814815521240234
2021_1234_1313,19.91988754272461
2021_1234_1314,3.6009714603424072
2021_1234_1317,7.745078086853027
2021_1234_1325,11.984853744506836
2021_1234_1326,0.5920829176902771
2021_1234_1328,4.849549293518066
2021_1234_1329,5.323485851287842
2021_1234_1331,17.369125366210938
2021_1234_1332,3.542095899581909
2021_1234_1333,10.017120361328125
2021_1234_1345,2.681502103805542
2021_1234_1353,5.829765796661377
2021_1234_1361,0.886090874671936
2021_1234_1364,9.241863250732422
2021_1234_1382,4.273570537567139
2021_1234_1393,4.590457916259766
2021_1234_1397,3.085219144821167
2021_1234_1400,1.2293846607208252
2021_1234_1403,1.341375470161438
2021_1234_1411,24.151697158813477
2021_1234_1417,5.432605743408203
2021_1234_1422,10.213531494140625
2021_1234_1425,0.20831145346164703
2021_1234_1429,4.807000160217285
2021_1234_1433,6.825231552124023
2021_1234_1437,2.6804020404815674
2021_1234_1438,2.412114143371582
2021_1234_1439,8.012521743774414
2021_1234_1452,3.851764440536499
2021_1234_1455,9.984492301940918
2021_1234_1457,10.700632095336914
2021_1234_1458,5.384261131286621
2021_1242_1251,14.552879333496094
2021_1242_1260,4.696552753448486
2021_1242_1261,4.672627925872803
2021_1242_1268,5.599931716918945
2021_1242_1276,3.63763689994812
2021_1242_1277,8.747101783752441
2021_1242_1281,5.721367835998535
2021_1242_1287,14.217717170715332
2021_1242_1291,17.358474731445312
2021_1242_1313,17.685501098632812
2021_1242_1314,4.660310745239258
2021_1242_1317,8.777854919433594
2021_1242_1325,12.237312316894531
2021_1242_1326,3.5725347995758057
2021_1242_1328,6.334099769592285
2021_1242_1329,4.4851884841918945
2021_1242_1331,14.422714233398438
2021_1242_1332,3.1718921661376953
2021_1242_1333,9.090049743652344
2021_1242_1345,3.3955764770507812
2021_1242_1353,6.042992115020752
2021_1242_1361,1.5573620796203613
2021_1242_1364,8.5934419631958
2021_1242_1382,4.519064426422119
2021_1242_1393,4.191945552825928
2021_1242_1397,3.313178062438965
2021_1242_1400,1.2846202850341797
2021_1242_1403,3.27087140083313
2021_1242_1411,20.42300033569336
2021_1242_1417,5.922274589538574
2021_1242_1422,10.963119506835938
2021_1242_1425,2.0206990242004395
2021_1242_1429,5.358953475952148
2021_1242_1433,6.39488410949707
2021_1242_1437,5.053562164306641
2021_1242_1438,4.84667444229126
2021_1242_1439,7.0752458572387695
2021_1242_1452,3.921367883682251
2021_1242_1455,7.362053394317627
2021_1242_1457,9.977967262268066
2021_1242_1458,5.659449577331543
2021_1251_1260,-7.275717258453369
2021_1251_1261,-8.809825897216797
2021_1251_1268,-6.186361312866211
2021_1251_1276,-11.30811595916748
2021_1251_1277,-3.8769025802612305
2021_1251_1281,-5.146443843841553
2021_1251_1287,-0.12496490776538849
2021_1251_1291,4.8280768394470215
2021_1251_1313,4.870107173919678
2021_1251_1314,-7.139876842498779
2021_1251_1317,-0.606269121170044
2021_1251_1325,-1.185782790184021
2021_1251_1326,-11.077251434326172
2021_1251_1328,-7.101811408996582
2021_1251_1329,-8.451231002807617
2021_1251_1331,-2.42561674118042
2021_1251_1332,-8.656947135925293
2021_1251_1333,-4.372549057006836
2021_1251_1345,-10.058382987976074
2021_1251_1353,-4.522353172302246
2021_1251_1361,-11.634393692016602
2021_1251_1364,-0.4028204679489136
2021_1251_1382,-5.977143287658691
2021_1251_1393,-8.479204177856445
2021_1251_1397,-8.444806098937988
2021_1251_1400,-11.525399208068848
2021_1251_1403,-10.13398265838623
2021_1251_1411,8.277451515197754
2021_1251_1417,-5.737279415130615
2021_1251_1422,-1.8676143884658813
2021_1251_1425,-9.64724063873291
2021_1251_1429,-5.779036998748779
2021_1251_1433,-2.7364554405212402
2021_1251_1437,-11.281906127929688
2021_1251_1438,-7.752464771270752
2021_1251_1439,-3.7394070625305176
2021_1251_1452,-10.486044883728027
2021_1251_1455,-4.2021660804748535
2021_1251_1457,0.8779320120811462
2021_1251_1458,-7.747420310974121
2021_1260_1261,4.588029861450195
2021_1260_1268,7.451514720916748
2021_1260_1276,1.6144338846206665
2021_1260_1277,8.764687538146973
2021_1260_1281,6.0666184425354
2021_1260_1287,11.024755477905273
2021_1260_1291,14.747690200805664
2021_1260_1313,14.898505210876465
2021_1260_1314,5.991672039031982
2021_1260_1317,9.09582233428955
2021_1260_1325,10.552842140197754
2021_1260_1326,1.6256349086761475
2021_1260_1328,6.8120856285095215
2021_1260_1329,5.2538323402404785
2021_1260_1331,11.442435264587402
2021_1260_1332,3.556758403778076
2021_1260_1333,8.234199523925781
2021_1260_1345,2.3666012287139893
2021_1260_1353,7.8497819900512695
2021_1260_1361,0.5555634498596191
2021_1260_1364,7.718685626983643
2021_1260_1382,5.4112677574157715
2021_1260_1393,4.501778602600098
2021_1260_1397,4.28153657913208
2021_1260_1400,1.744621753692627
2021_1260_1403,4.405832290649414
2021_1260_1411,17.883007049560547
2021_1260_1417,6.0000081062316895
2021_1260_1422,9.394871711730957
2021_1260_1425,0.5356963872909546
2021_1260_1429,5.054183483123779
2021_1260_1433,6.930108070373535
2021_1260_1437,3.7664456367492676
2021_1260_1438,4.879632472991943
2021_1260_1439,6.747827053070068
2021_1260_1452,4.824917316436768
2021_1260_1455,6.5793914794921875
2021_1260_1457,8.958841323852539
2021_1260_1458,5.056391716003418
2021_1261_1268,1.8171340227127075
2021_1261_1276,-1.0092087984085083
2021_1261_1277,5.525754928588867
2021_1261_1281,3.104109287261963
2021_1261_1287,9.82191276550293
2021_1261_1291,13.063152313232422
2021_1261_1313,12.80764102935791
2021_1261_1314,1.3500362634658813
2021_1261_1317,6.3848958015441895
2021_1261_1325,8.869246482849121
2021_1261_1326,-0.4149751663208008
2021_1261_1328,2.4690632820129395
2021_1261_1329,1.130361795425415
2021_1261_1331,8.648502349853516
2021_1261_1332,0.951943039894104
2021_1261_1333,6.521578788757324
2021_1261_1345,0.0486479327082634
2021_1261_1353,3.644123077392578
2021_1261_1361,-1.3838154077529907
2021_1261_1364,6.5857977867126465
2021_1261_1382,2.613490581512451
2021_1261_1393,2.3481810092926025
2021_1261_1397,0.241593137383461
2021_1261_1400,-1.8632242679595947
2021_1261_1403,-0.05871852487325668
2021_1261_1411,15.669605255126953
2021_1261_1417,3.111034870147705
2021_1261_1422,9.198143005371094
2021_1261_1425,-1.3543468713760376
2021_1261_1429,2.6709818840026855
2021_1261_1433,3.675356864929199
2021_1261_1437,-0.4751077890396118
2021_1261_1438,1.2202907800674438
2021_1261_1439,5.111196041107178
2021_1261_1452,1.3577078580856323
2021_1261_1455,5.747233867645264
2021_1261_1457,8.042298316955566
2021_1261_1458,1.6228086948394775
2021_1268_1276,0.9371731877326965
2021_1268_1277,5.828212738037109
2021_1268_1281,4.182036876678467
2021_1268_1287,9.623287200927734
2021_1268_1291,12.686009407043457
2021_1268_1313,12.17306137084961
2021_1268_1314,1.1151810884475708
2021_1268_1317,6.712754249572754
2021_1268_1325,8.35359001159668
2021_1268_1326,1.8392683267593384
2021_1268_1328,2.258413791656494
2021_1268_1329,1.7664892673492432
2021_1268_1331,8.055614471435547
2021_1268_1332,-0.11417043209075928
2021_1268_1333,5.542932987213135
2021_1268_1345,0.21673302352428436
2021_1268_1353,3.523113965988159
2021_1268_1361,-1.4618356227874756
2021_1268_1364,6.066206455230713
2021_1268_1382,1.6842998266220093
2021_1268_1393,2.137904644012451
2021_1268_1397,0.6818240284919739
2021_1268_1400,-1.0017346143722534
2021_1268_1403,-0.2572982907295227
2021_1268_1411,15.384451866149902
2021_1268_1417,3.3072621822357178
2021_1268_1422,8.848017692565918
2021_1268_1425,-0.3813896179199219
2021_1268_1429,2.579643964767456
2021_1268_1433,3.850325107574463
2021_1268_1437,2.64205002784729
2021_1268_1438,2.898089647293091
2021_1268_1439,5.198230743408203
2021_1268_1452,0.3519357442855835
2021_1268_1455,5.791440010070801
2021_1268_1457,7.437332630157471
2021_1268_1458,1.3493343591690063
2021_1276_1277,6.375213623046875
2021_1276_1281,3.761556386947632
2021_1276_1287,10.672143936157227
2021_1276_1291,19.040660858154297
2021_1276_1313,17.46933364868164
2021_1276_1314,2.5086772441864014
2021_1276_1317,5.665840148925781
2021_1276_1325,8.45320987701416
2021_1276_1326,0.17100051045417786
2021_1276_1328,4.116380214691162
2021_1276_1329,2.8976786136627197
2021_1276_1331,15.305929183959961
2021_1276_1332,0.5501037836074829
2021_1276_1333,6.160823822021484
2021_1276_1345,-0.11537987738847733
2021_1276_1353,5.839799880981445
2021_1276_1361,-1.0966403484344482
2021_1276_1364,6.358351230621338
2021_1276_1382,2.439837694168091
2021_1276_1393,1.412705898284912
2021_1276_1397,0.2705771327018738
2021_1276_1400,-1.0779749155044556
2021_1276_1403,-0.4566352367401123
2021_1276_1411,23.27025604248047
2021_1276_1417,4.307823657989502
2021_1276_1422,8.314523696899414
2021_1276_1425,-1.1087682247161865
2021_1276_1429,2.1367931365966797
2021_1276_1433,4.080533027648926
2021_1276_1437,1.9944151639938354
2021_1276_1438,0.43093347549438477
2021_1276_1439,5.136122703552246
2021_1276_1452,0.3621216416358948
2021_1276_1455,4.972954750061035
2021_1276_1457,7.6564130783081055
2021_1276_1458,3.975529432296753
2021_1277_1281,-1.9990390539169312
2021_1277_1287,2.829058885574341
2021_1277_1291,5.624260902404785
2021_1277_1313,6.204344749450684
2021_1277_1314,-4.749991416931152
2021_1277_1317,0.7886314392089844
2021_1277_1325,0.36968815326690674
2021_1277_1326,-3.4729061126708984
2021_1277_1328,-4.064033508300781
2021_1277_1329,-5.554642200469971
2021_1277_1331,3.172957420349121
2021_1277_1332,-6.682462215423584
2021_1277_1333,-1.2716262340545654
2021_1277_1345,-5.430070877075195
2021_1277_1353,-2.7045624256134033
2021_1277_1361,-6.51360559463501
2021_1277_1364,-0.19302166998386383
2021_1277_1382,-4.009973049163818
2021_1277_1393,-4.063680171966553
2021_1277_1397,-4.1452460289001465
2021_1277_1400,-7.362549304962158
2021_1277_1403,-5.656579494476318
2021_1277_1411,9.363850593566895
2021_1277_1417,-2.954881191253662
2021_1277_1422,1.9830353260040283
2021_1277_1425,-4.219913959503174
2021_1277_1429,-3.8449418544769287
2021_1277_1433,-1.7863084077835083
2021_1277_1437,-3.0544848442077637
2021_1277_1438,-3.515686273574829
2021_1277_1439,-0.628120481967926
2021_1277_1452,-5.412194728851318
2021_1277_1455,-0.3317373991012573
2021_1277_1457,0.9308129549026489
2021_1277_1458,-5.345259666442871
2021_1281_1287,7.445155620574951
2021_1281_1291,10.252793312072754
2021_1281_1313,11.570971488952637
2021_1281_1314,-0.8307403326034546
2021_1281_1317,3.7274911403656006
2021_1281_1325,6.07273530960083
2021_1281_1326,-0.7378198504447937
2021_1281_1328,-0.2078627198934555
2021_1281_1329,-1.3389114141464233
2021_1281_1331,4.864739418029785
2021_1281_1332,-2.730384349822998
2021_1281_1333,2.735616683959961
2021_1281_1345,-1.750820279121399
2021_1281_1353,0.17715789377689362
2021_1281_1361,-3.8548645973205566
2021_1281_1364,4.417945861816406
2021_1281_1382,-0.13869743049144745
2021_1281_1393,-1.2886886596679688
2021_1281_1397,-1.761486530303955
2021_1281_1400,-3.2742841243743896
2021_1281_1403,-2.5924580097198486
2021_1281_1411,13.666388511657715
2021_1281_1417,0.7025247812271118
2021_1281_1422,5.62102746963501
2021_1281_1425,-1.7162078619003296
2021_1281_1429,0.44189631938934326
2021_1281_1433,1.958656668663025
2021_1281_1437,-1.7558525800704956
2021_1281_1438,-0.21000272035598755
2021_1281_1439,2.9738781452178955
2021_1281_1452,-1.136448621749878
2021_1281_1455,2.1489639282226562
2021_1281_1457,4.983806610107422
2021_1281_1458,-1.827962040901184
2021_1287_1291,1.0566133260726929
2021_1287_1313,1.9731875658035278
2021_1287_1314,-7.770645618438721
2021_1287_1317,-2.6351404190063477
2021_1287_1325,-2.7238945960998535
2021_1287_1326,-12.115778923034668
2021_1287_1328,-7.546009063720703
2021_1287_1329,-7.84468412399292
2021_1287_1331,-3.4102163314819336
2021_1287_1332,-9.34841251373291
2021_1287_1333,-4.720913410186768
2021_1287_1345,-10.11016845703125
2021_1287_1353,-5.333837032318115
2021_1287_1361,-13.85976791381836
2021_1287_1364,-2.485145092010498
2021_1287_1382,-5.491700649261475
2021_1287_1393,-7.874898433685303
2021_1287_1397,-7.363087177276611
2021_1287_1400,-11.499144554138184
2021_1287_1403,-9.411775588989258
2021_1287_1411,4.962305068969727
2021_1287_1417,-6.248619079589844
2021_1287_1422,-2.863684892654419
2021_1287_1425,-10.737968444824219
2021_1287_1429,-6.33547306060791
2021_1287_1433,-5.227790355682373
2021_1287_1437,-11.473993301391602
2021_1287_1438,-8.44373893737793
2021_1287_1439,-4.550692081451416
2021_1287_1452,-10.600127220153809
2021_1287_1455,-5.284191131591797
2021_1287_1457,-2.1394500732421875
2021_1287_1458,-9.966360092163086
2021_1291_1313,-0.6878488659858704
2021_1291_1314,-10.10727310180664
2021_1291_1317,-4.074636936187744
2021_1291_1325,-7.045820713043213
2021_1291_1326,-17.589921951293945
2021_1291_1328,-9.128264427185059
2021_1291_1329,-13.973278045654297
2021_1291_1331,-11.945189476013184
2021_1291_1332,-13.7529878616333
2021_1291_1333,-8.363106727600098
2021_1291_1345,-13.888818740844727
2021_1291_1353,-8.564284324645996
2021_1291_1361,-17.55022430419922
2021_1291_1364,-3.9783897399902344
2021_1291_1382,-6.89691686630249
2021_1291_1393,-11.9180908203125
2021_1291_1397,-10.654142379760742
2021_1291_1400,-15.3848295211792
2021_1291_1403,-14.772821426391602
2021_1291_1411,2.3838889598846436
2021_1291_1417,-8.06042766571045
2021_1291_1422,-5.7349443435668945
2021_1291_1425,-16.05879020690918
2021_1291_1429,-7.260171890258789
2021_1291_1433,-6.435176372528076
2021_1291_1437,-15.773092269897461
2021_1291_1438,-13.144317626953125
2021_1291_1439,-5.908812999725342
2021_1291_1452,-15.288324356079102
2021_1291_1455,-8.260396957397461
2021_1291_1457,-4.566324710845947
2021_1291_1458,-13.617825508117676
2021_1313_1314,-8.442614555358887
2021_1313_1317,-2.9353532791137695
2021_1313_1325,-4.344201564788818
2021_1313_1326,-15.355605125427246
2021_1313_1328,-7.080178737640381
2021_1313_1329,-10.756426811218262
2021_1313_1331,-9.434029579162598
2021_1313_1332,-10.158211708068848
2021_1313_1333,-4.161444187164307
2021_1313_1345,-12.05009651184082
2021_1313_1353,-6.065791130065918
2021_1313_1361,-16.636821746826172
2021_1313_1364,-1.8726646900177002
2021_1313_1382,-5.239541530609131
2021_1313_1393,-8.33336067199707
2021_1313_1397,-10.081941604614258
2021_1313_1400,-12.99691104888916
2021_1313_1403,-13.851202964782715
2021_1313_1411,1.5148983001708984
2021_1313_1417,-4.932595252990723
2021_1313_1422,-4.7303924560546875
2021_1313_1425,-14.436982154846191
2021_1313_1429,-6.6119303703308105
2021_1313_1433,-3.9904022216796875
2021_1313_1437,-15.25308895111084
2021_1313_1438,-11.19149112701416
2021_1313_1439,-2.9696404933929443
2021_1313_1452,-12.814337730407715
2021_1313_1455,-4.1883320808410645
2021_1313_1457,-3.429534435272217
2021_1313_1458,-10.735676765441895
2021_1314_1317,7.35230016708374
2021_1314_1325,9.226856231689453
2021_1314_1326,0.3647157549858093
2021_1314_1328,3.1935348510742188
2021_1314_1329,2.0409786701202393
2021_1314_1331,11.748649597167969
2021_1314_1332,0.723614513874054
2021_1314_1333,6.445550918579102
2021_1314_1345,0.74527740478515625
2021_1314_1353,3.166809320449829
2021_1314_1361,-0.11497431993484497
2021_1314_1364,7.906801700592041
2021_1314_1382,2.169339418411255
2021_1314_1393,2.958892345428467
2021_1314_1397,1.398695707321167
2021_1314_1400,-0.3745337128639221
2021_1314_1403,0.7593965530395508
2021_1314_1411,16.65184211730957
2021_1314_1417,4.288020610809326
2021_1314_1422,8.354585647583008
2021_1314_1425,-0.4949781894683838
2021_1314_1429,3.246403932571411
2021_1314_1433,5.981109619140625
2021_1314_1437,2.901886224746704
2021_1314_1438,1.1518056392669678
2021_1314_1439,5.7199578285217285
2021_1314_1452,1.6833943128585815
2021_1314_1455,6.190617561340332
2021_1314_1457,6.60658597946167
2021_1314_1458,1.7771159410476685
2021_1317_1325,2.4259748458862305
2021_1317_1326,-4.349782466888428
2021_1317_1328,-2.2927684783935547
2021_1317_1329,-4.588925838470459
2021_1317_1331,0.41567540168762207
2021_1317_1332,-3.6978156566619873
2021_1317_1333,-0.6182690858840942
2021_1317_1345,-5.410882472991943
2021_1317_1353,-1.314018964767456
2021_1317_1361,-5.744939804077148
2021_1317_1364,1.8444836139678955
2021_1317_1382,-1.6510276794433594
2021_1317_1393,-3.416590929031372
2021_1317_1397,-3.206773519515991
2021_1317_1400,-5.609582424163818
2021_1317_1403,-4.60723876953125
2021_1317_1411,9.525423049926758
2021_1317_1417,-1.2848265171051025
2021_1317_1422,2.266505718231201
2021_1317_1425,-4.295724391937256
2021_1317_1429,-1.6938470602035522
2021_1317_1433,0.03258246183395386
2021_1317_1437,-3.1134958267211914
2021_1317_1438,-1.2462888956069946
2021_1317_1439,0.5360981225967407
2021_1317_1452,-4.325366020202637
2021_1317_1455,-0.7005785703659058
2021_1317_1457,2.5594143867492676
2021_1317_1458,-3.759889841079712
2021_1325_1326,-10.363581657409668
2021_1325_1328,-6.975708484649658
2021_1325_1329,-7.614777565002441
2021_1325_1331,-0.8453356027603149
2021_1325_1332,-8.014796257019043
2021_1325_1333,-2.159292221069336
2021_1325_1345,-9.429320335388184
2021_1325_1353,-6.046246528625488
2021_1325_1361,-11.90963363647461
2021_1325_1364,0.2375394105911255
2021_1325_1382,-4.5312886238098145
2021_1325_1393,-6.694814205169678
2021_1325_1397,-7.424736499786377
2021_1325_1400,-10.733646392822266
2021_1325_1403,-9.52044677734375
2021_1325_1411,7.811758518218994
2021_1325_1417,-4.333434104919434
2021_1325_1422,-0.267551451921463
2021_1325_1425,-9.548678398132324
2021_1325_1429,-4.712869644165039
2021_1325_1433,-3.0849406719207764
2021_1325_1437,-11.196130752563477
2021_1325_1438,-7.460526466369629
2021_1325_1439,-3.1143593788146973
2021_1325_1452,-8.670870780944824
2021_1325_1455,-1.8839950561523438
2021_1325_1457,0.2319701761007309
2021_1325_1458,-8.425983428955078
2021_1326_1328,2.9853391647338867
2021_1326_1329,2.38240385055542
2021_1326_1331,14.269129753112793
2021_1326_1332,1.4059122800827026
2021_1326_1333,6.859833240509033
2021_1326_1345,0.03739113360643387
2021_1326_1353,4.940530300140381
2021_1326_1361,-2.219000816345215
2021_1326_1364,5.669602870941162
2021_1326_1382,1.8811063766479492
2021_1326_1393,1.7385640144348145
2021_1326_1397,-0.16427506506443024
2021_1326_1400,-1.7791614532470703
2021_1326_1403,-0.09667530655860901
2021_1326_1411,20.239620208740234
2021_1326_1417,4.084407329559326
2021_1326_1422,9.497297286987305
2021_1326_1425,-1.427419900894165
2021_1326_1429,1.4133622646331787
2021_1326_1433,4.281518459320068
2021_1326_1437,1.131446361541748
2021_1326_1438,2.4499175548553467
2021_1326_1439,4.898886680603027
2021_1326_1452,-0.25614315271377563
2021_1326_1455,6.121243953704834
2021_1326_1457,7.69472599029541
2021_1326_1458,3.626249074935913
2021_1328_1329,-0.9344528913497925
2021_1328_1331,5.222667217254639
2021_1328_1332,-1.457269310951233
2021_1328_1333,3.5243852138519287
2021_1328_1345,-1.8846676349639893
2021_1328_1353,1.4836318492889404
2021_1328_1361,-2.956632137298584
2021_1328_1364,4.12288761138916
2021_1328_1382,-0.34862369298934937
2021_1328_1393,-0.32387858629226685
2021_1328_1397,-2.2311513423919678
2021_1328_1400,-3.4199740886688232
2021_1328_1403,-2.6203925609588623
2021_1328_1411,11.422345161437988
2021_1328_1417,1.3476523160934448
2021_1328_1422,5.682152271270752
2021_1328_1425,-3.0650365352630615
2021_1328_1429,0.311867356300354
2021_1328_1433,2.004307985305786
2021_1328_1437,-0.37391120195388794
2021_1328_1438,0.5778553485870361
2021_1328_1439,2.8516387939453125
2021_1328_1452,-1.13994300365448
2021_1328_1455,3.7015440464019775
2021_1328_1457,5.49038553237915
2021_1328_1458,-0.18796487152576447
2021_1329_1331,11.270689010620117
2021_1329_1332,0.08946368098258972
2021_1329_1333,7.882320404052734
2021_1329_1345,-0.28203707933425903
2021_1329_1353,3.633507490158081
2021_1329_1361,-1.788043737411499
2021_1329_1364,6.107235431671143
2021_1329_1382,1.3108123540878296
2021_1329_1393,1.580228328704834
2021_1329_1397,-0.5083497166633606
2021_1329_1400,-0.8454192280769348
2021_1329_1403,-0.056689806282520294
2021_1329_1411,17.987163543701172
2021_1329_1417,3.792813777923584
2021_1329_1422,8.369243621826172
2021_1329_1425,-0.7703924179077148
2021_1329_1429,2.239258289337158
2021_1329_1433,3.8734352588653564
2021_1329_1437,-0.18100643157958984
2021_1329_1438,1.641778588294983
2021_1329_1439,4.319605827331543
2021_1329_1452,1.4502724409103394
2021_1329_1455,6.23052978515625
2021_1329_1457,7.094310283660889
2021_1329_1458,1.1352088451385498
2021_1331_1332,-5.9772210121154785
2021_1331_1333,-0.10866764932870865
2021_1331_1345,-7.124429702758789
2021_1331_1353,-3.5471813678741455
2021_1331_1361,-11.023918151855469
2021_1331_1364,1.858899712562561
2021_1331_1382,-2.723296880722046
2021_1331_1393,-5.011694431304932
2021_1331_1397,-6.325295448303223
2021_1331_1400,-9.045888900756836
2021_1331_1403,-8.962961196899414
2021_1331_1411,8.142292022705078
2021_1331_1417,-2.000472068786621
2021_1331_1422,1.5804736614227295
2021_1331_1425,-8.313275337219238
2021_1331_1429,-2.9169363975524902
2021_1331_1433,-0.8649606108665466
2021_1331_1437,-10.387972831726074
2021_1331_1438,-4.907588481903076
2021_1331_1439,0.4900703430175781
2021_1331_1452,-9.520111083984375
2021_1331_1455,-0.9601429104804993
2021_1331_1457,2.414829969406128
2021_1331_1458,-5.504955768585205
2021_1332_1333,8.152255058288574
2021_1332_1345,1.696534276008606
2021_1332_1353,6.920382976531982
2021_1332_1361,1.367666244506836
2021_1332_1364,7.742991924285889
2021_1332_1382,3.6568477153778076
2021_1332_1393,3.1089789867401123
2021_1332_1397,2.0918116569519043
2021_1332_1400,-0.3849577307701111
2021_1332_1403,1.6343094110488892
2021_1332_1411,18.603666305541992
2021_1332_1417,5.524660587310791
2021_1332_1422,9.766526222229004
2021_1332_1425,1.2923401594161987
2021_1332_1429,3.902618885040283
2021_1332_1433,6.3318963050842285
2021_1332_1437,4.795173645019531
2021_1332_1438,4.373266220092773
2021_1332_1439,6.528278827667236
2021_1332_1452,3.377131700515747
2021_1332_1455,6.280240535736084
2021_1332_1457,8.327676773071289
2021_1332_1458,4.18577241897583
2021_1333_1345,-3.7996444702148438
2021_1333_1353,-2.751713514328003
2021_1333_1361,-6.252685070037842
2021_1333_1364,0.9073464870452881
2021_1333_1382,-2.8895907402038574
2021_1333_1393,-3.497678756713867
2021_1333_1397,-3.3925487995147705
2021_1333_1400,-5.521610260009766
2021_1333_1403,-4.924071311950684
2021_1333_1411,12.217488288879395
2021_1333_1417,-1.4287666082382202
2021_1333_1422,1.9795339107513428
2021_1333_1425,-3.4326441287994385
2021_1333_1429,-2.522247076034546
2021_1333_1433,-1.180560827255249
2021_1333_1437,-3.7288146018981934
2021_1333_1438,-1.9904510974884033
2021_1333_1439,0.37172019481658936
2021_1333_1452,-4.501462936401367
2021_1333_1455,0.050630588084459305
2021_1333_1457,2.0429275035858154
2021_1333_1458,-4.315186500549316
2021_1345_1353,4.334570407867432
2021_1345_1361,-0.5019092559814453
2021_1345_1364,6.49311637878418
2021_1345_1382,2.553497314453125
2021_1345_1393,2.920858144760132
2021_1345_1397,1.2483152151107788
2021_1345_1400,-0.7720191478729248
2021_1345_1403,0.6461573243141174
2021_1345_1411,18.03910255432129
2021_1345_1417,4.073395729064941
2021_1345_1422,8.251626968383789
2021_1345_1425,0.21023519337177277
2021_1345_1429,3.3775641918182373
2021_1345_1433,4.627639293670654
2021_1345_1437,3.5845086574554443
2021_1345_1438,3.1186556816101074
2021_1345_1439,5.344433307647705
2021_1345_1452,1.2841559648513794
2021_1345_1455,6.150025367736816
2021_1345_1457,7.579042434692383
2021_1345_1458,2.4288976192474365
2021_1353_1361,-3.5583887100219727
2021_1353_1364,2.8803718090057373
2021_1353_1382,-1.5854063034057617
2021_1353_1393,-0.762660562992096
2021_1353_1397,-2.3558077812194824
2021_1353_1400,-4.213890075683594
2021_1353_1403,-3.185694932937622
2021_1353_1411,11.49393367767334
2021_1353_1417,0.13507181406021118
2021_1353_1422,5.952995777130127
2021_1353_1425,-3.934664726257324
2021_1353_1429,-0.21138297021389008
2021_1353_1433,2.091560125350952
2021_1353_1437,-0.8183379173278809
2021_1353_1438,-0.24307093024253845
2021_1353_1439,1.9577172994613647
2021_1353_1452,-1.5828709602355957
2021_1353_1455,1.6356348991394043
2021_1353_1457,3.721308469772339
2021_1353_1458,-1.4739785194396973
2021_1361_1364,8.555044174194336
2021_1361_1382,3.9497740268707275
2021_1361_1393,4.310051441192627
2021_1361_1397,2.5706751346588135
2021_1361_1400,1.0009926557540894
2021_1361_1403,1.3871098756790161
2021_1361_1411,21.230443954467773
2021_1361_1417,4.607117652893066
2021_1361_1422,11.089395523071289
2021_1361_1425,2.02592134475708
2021_1361_1429,4.502779006958008
2021_1361_1433,7.204256534576416
2021_1361_1437,4.095699787139893
2021_1361_1438,4.991076469421387
2021_1361_1439,7.711032867431641
2021_1361_1452,3.4562408924102783
2021_1361_1455,8.161983489990234
2021_1361_1457,9.119147300720215
2021_1361_1458,5.010030746459961
2021_1364_1382,-1.5441783666610718
2021_1364_1393,-2.8992278575897217
2021_1364_1397,-3.3681564331054688
2021_1364_1400,-5.7478790283203125
2021_1364_1403,-5.552283763885498
2021_1364_1411,7.646383285522461
2021_1364_1417,-2.010004997253418
2021_1364_1422,1.088769555091858
2021_1364_1425,-4.146195888519287
2021_1364_1429,-1.7391902208328247
2021_1364_1433,0.6597761511802673
2021_1364_1437,-4.563482284545898
2021_1364_1438,-1.8958966732025146
2021_1364_1439,0.7207408547401428
2021_1364_1452,-4.801019668579102
2021_1364_1455,-0.9849740266799927
2021_1364_1457,2.302743673324585
2021_1364_1458,-3.273784637451172
2021_1382_1393,1.3031305074691772
2021_1382_1397,1.0129467248916626
2021_1382_1400,-1.380006194114685
2021_1382_1403,-0.18345731496810913
2021_1382_1411,15.52265453338623
2021_1382_1417,2.6884605884552
2021_1382_1422,6.757486343383789
2021_1382_1425,-0.3285749554634094
2021_1382_1429,2.673067092895508
2021_1382_1433,4.198693752288818
2021_1382_1437,1.9108449220657349
2021_1382_1438,1.3427600860595703
2021_1382_1439,4.421513080596924
2021_1382_1452,1.422831416130066
2021_1382_1455,3.917639970779419
2021_1382_1457,6.303452014923096
2021_1382_1458,1.272354006767273
2021_1393_1397,-1.1825964450836182
2021_1393_1400,-3.142688274383545
2021_1393_1403,-2.543036460876465
2021_1393_1411,12.422442436218262
2021_1393_1417,0.8103197813034058
2021_1393_1422,6.132544994354248
2021_1393_1425,-2.01798939704895
2021_1393_1429,0.6965561509132385
2021_1393_1433,2.6783862113952637
2021_1393_1437,-0.2517900764942169
2021_1393_1438,-0.19240517914295197
2021_1393_1439,2.6327292919158936
2021_1393_1452,-1.514962911605835
2021_1393_1455,3.3857533931732178
2021_1393_1457,4.589857578277588
2021_1393_1458,-0.7877982258796692
2021_1397_1400,-0.9109683036804199
2021_1397_1403,0.7566723823547363
2021_1397_1411,17.807910919189453
2021_1397_1417,3.185535430908203
2021_1397_1422,9.74137020111084
2021_1397_1425,-0.5139171481132507
2021_1397_1429,3.173630952835083
2021_1397_1433,4.339256763458252
2021_1397_1437,3.5311760902404785
2021_1397_1438,2.6943225860595703
2021_1397_1439,5.502631664276123
2021_1397_1452,2.1069271564483643
2021_1397_1455,5.475718975067139
2021_1397_1457,7.4608964920043945
2021_1397_1458,3.161468982696533
2021_1400_1403,2.4993553161621094
2021_1400_1411,22.38334083557129
2021_1400_1417,6.187063694000244
2021_1400_1422,11.615340232849121
2021_1400_1425,2.0894393920898438
2021_1400_1429,5.556212425231934
2021_1400_1433,6.676841735839844
2021_1400_1437,4.489145278930664
2021_1400_1438,4.372258186340332
2021_1400_1439,7.952603816986084
2021_1400_1452,3.6616835594177246
2021_1400_1455,8.688514709472656
2021_1400_1457,9.665450096130371
2021_1400_1458,4.766848564147949
2021_1403_1411,18.298236846923828
2021_1403_1417,4.6870269775390625
2021_1403_1422,10.056855201721191
2021_1403_1425,0.13443847000598907
2021_1403_1429,3.416722059249878
2021_1403_1433,5.460181713104248
2021_1403_1437,3.756826639175415
2021_1403_1438,3.4841971397399902
2021_1403_1439,6.9339680671691895
2021_1403_1452,2.280902862548828
2021_1403_1455,6.980175971984863
2021_1403_1457,9.023876190185547
2021_1403_1458,3.440556287765503
2021_1411_1417,-7.545090675354004
2021_1411_1422,-7.576389312744141
2021_1411_1425,-18.012361526489258
2021_1411_1429,-8.113228797912598
2021_1411_1433,-4.045319080352783
2021_1411_1437,-18.72311782836914
2021_1411_1438,-14.47694206237793
2021_1411_1439,-5.068278789520264
2021_1411_1452,-15.001911163330078
2021_1411_1455,-6.904231548309326
2021_1411_1457,-5.336213111877441
2021_1411_1458,-13.963679313659668
2021_1417_1422,4.672711372375488
2021_1417_1425,-1.4883893728256226
2021_1417_1429,-0.4933946430683136
2021_1417_1433,2.131680488586426
2021_1417_1437,-1.1414802074432373
2021_1417_1438,0.4132423996925354
2021_1417_1439,3.0999646186828613
2021_1417_1452,-2.2132136821746826
2021_1417_1455,3.2774314880371094
2021_1417_1457,5.2449049949646
2021_1417_1458,-0.2715985178947449
2021_1422_1425,-6.483441352844238
2021_1422_1429,-2.498993158340454
2021_1422_1433,-0.4292815327644348
2021_1422_1437,-5.826553821563721
2021_1422_1438,-4.835448741912842
2021_1422_1439,-0.4729483127593994
2021_1422_1452,-6.525665283203125
2021_1422_1455,-2.177327871322632
2021_1422_1457,2.4538493156433105
2021_1422_1458,-5.453943729400635
2021_1425_1429,4.052783489227295
2021_1425_1433,7.301302433013916
2021_1425_1437,4.595323085784912
2021_1425_1438,3.811781167984009
2021_1425_1439,8.156379699707031
2021_1425_1452,2.0671308040618896
2021_1425_1455,7.775890827178955
2021_1425_1457,8.628766059875488
2021_1425_1458,5.931272029876709
2021_1429_1433,3.105653762817383
2021_1429_1437,0.04518166929483414
2021_1429_1438,-0.5944586992263794
2021_1429_1439,2.625617265701294
2021_1429_1452,-0.6621267795562744
2021_1429_1455,3.612783432006836
2021_1429_1457,3.882720470428467
2021_1429_1458,0.003094293177127838
2021_1433_1437,-2.705174207687378
2021_1433_1438,-0.6921799182891846
2021_1433_1439,1.145094394683838
2021_1433_1452,-2.3299479484558105
2021_1433_1455,0.4701513648033142
2021_1433_1457,2.393122434616089
2021_1433_1458,-2.598651647567749
2021_1437_1438,0.8848990797996521
2021_1437_1439,6.258910655975342
2021_1437_1452,-0.7570130825042725
2021_1437_1455,5.967792510986328
2021_1437_1457,8.35273551940918
2021_1437_1458,2.8723654747009277
2021_1438_1439,2.3336164951324463
2021_1438_1452,-1.4653613567352295
2021_1438_1455,2.5202279090881348
2021_1438_1457,4.9891791343688965
2021_1438_1458,-0.4333444833755493
2021_1439_1452,-3.503803253173828
2021_1439_1455,-0.2805336117744446
2021_1439_1457,3.5733141899108887
2021_1439_1458,-2.481496572494507
2021_1452_1455,6.179676532745361
2021_1452_1457,7.6051788330078125
2021_1452_1458,1.9820808172225952
2021_1455_1457,3.2997565269470215
2021_1455_1458,-2.867802381515503
2021_1457_1458,-3.3385469913482666
